"","sample.names","Plot.ID","mg.CO2.g.Soil.h.1","mg.MBC.g.soil","season","Land.type","pH","N.","Longitude","lat","lon"
"1","S1","P0104C",0.021516839,0.812463671,"S","CROP",6.919,NA,NA,50.105065,11.922489
"2","S2","P0156C",0.017352394,0.726827693,"S","GRASSLAND",5.828,NA,NA,50.073714,11.95415
"3","S3","P0204C",0.022097016,0.824394207,"S","FOREST",4.214,NA,NA,50.055621,11.952927
"4","S4","P0105C",0.03326026,1.053950688,"S","CROP",5.52,NA,NA,50.176334,11.840065
"5","S5","P0155C",0.025622563,0.896892142,"S","GRASSLAND",7.051,NA,NA,50.129343,11.80835
"6","S6","P0119",0.040740701,1.207775471,"S","CROP",6.862,NA,NA,50.177221,11.898049
"7","S7","P0205C",0.027576693,0.937076081,"S","FOREST",3.926,NA,NA,50.213667,11.754528
"8","S8","P0115",0.031855759,1.025069085,"S","CROP",5.851,NA,NA,50.09335,11.853674
"9","S9","P0122",0.031692494,1.021711779,"S","CROP",6.359,NA,NA,50.079916,11.96674
"10","S10","P0216",0.022292792,0.828420064,"S","FOREST",4.355,NA,NA,50.093121,11.811915
"11","S11","P0103C",0.038949857,1.170949282,"S","CROP",6.471,NA,NA,50.09851,11.797039
"12","S12","P0118",0.028833295,0.962916346,"S","CROP",5.33,NA,NA,50.228806,11.924917
"13","S13","P0170",0.018276324,0.745827013,"S","GRASSLAND",6.132,NA,NA,50.207278,11.885722
"14","S14","P0164",0.012320267,0.623349049,"S","GRASSLAND",5.976,NA,NA,50.12692,11.922789
"15","S15","P0221",0.006609806,0.505921411,"S","FOREST",4.049,NA,NA,50.214697,11.984523
"16","S16","P0222",0.005654854,0.486284147,"S","FOREST",4.164,NA,NA,50.149118,11.869805
"17","S17","P0167",0.028650703,0.959161603,"S","GRASSLAND",6.051,NA,NA,50.12062,11.743516
"18","S18","P0208",0.020924926,0.800291812,"SP","FOREST",4.185,NA,NA,50.064917,11.815917
"19","S19","P0108",0.028672362,0.959606987,"SP","CROP",6.084,NA,NA,50.147609,11.942739
"20","S20","P0109",0.029081228,0.96801475,"SP","CROP",6.712,NA,NA,50.120788,11.753815
"21","S21","P0113",0.036405382,1.11862572,"SP","CROP",7.183,NA,NA,50.097088,11.928197
"22","S22","P0201",0.026178631,0.908326888,"W1","FOREST",3.756,NA,NA,50.075148,11.828917
"23","S23","P0200",0.014373739,0.66557581,"W1","FOREST",4.273,NA,NA,50.161078,11.757796
"24","S24","P0100",0.024637575,0.87663724,"W1","CROP",7.02,NA,NA,50.208308,11.747134
"25","S25","P0202",0.024351372,0.870751869,"w1","FOREST",4.124,NA,NA,50.202253,11.852486
"26","S26","P0105",0.024048412,0.864521927,"W1","CROP",5.522,NA,NA,50.176334,11.840065
"27","S27","P0101",0.012319894,0.623341367,"W1","CROP",5.921,NA,NA,50.108694,11.855194
"28","S28","P0102",0.017932844,0.738763835,"W1","CROP",6.652,NA,NA,50.211895,11.887717
"29","S29","P0130",0.022742269,0.837662914,"W2","CROP",6.699,NA,NA,50.200996,11.788238
"30","S30","P0224",0.02863007,0.958737313,"A","FOREST",3.874,NA,NA,50.159103,11.872695
"31","S31","P0230",0.016045539,0.699954039,"W2","FOREST",3.759,NA,NA,50.117142,11.834104
"32","S32","P0181",0.02377161,0.858829883,"W2","GRASSLAND",6.191,NA,NA,50.13188,11.751068
"33","S33","P0131",0.011966984,0.616084281,"W2","CROP",7.064,NA,NA,50.135188,11.78069
"34","S34","P0163",0.007401369,0.52219879,"SP","GRASSLAND",5.927,NA,NA,50.164144,11.744589
"35","S35","P0210",0.012237842,0.621654098,"SP","FOREST",4.133,NA,NA,50.141309,11.917535
"36","S36","P0172",0.013858993,0.654990788,"A","GRASSLAND",5.819,NA,NA,50.214801,11.775202
"37","S37","P0206",0.01956095,0.772243552,"W1","FOREST",4.346,NA,NA,50.12132,11.96634
"38","S38","P0123",0.039363034,1.179445692,"A","CROP",6.803,NA,NA,50.17575,11.901167
"39","S39","P0124",0.017176205,0.723204617,"A","CROP",5.459,NA,NA,50.221409,11.827232
"40","S40","P0205",0.015839668,0.6957206,"W1","FOREST",3.88,NA,NA,50.213667,11.754528
"41","S41","P0155",0.016959969,0.718758029,"W1","GRASSLAND",6.995,NA,NA,50.129343,11.80835
"42","S42","P0174",0.013831256,0.654420426,"A","GRASSLAND",5.713,NA,NA,50.075035,11.950544
"43","S43","P0211",0.011005741,0.596317653,"SP","FOREST",3.985,NA,NA,50.149303,11.925128
"44","S44","P0223",0.013167058,0.640762114,"A","FOREST",3.959,NA,NA,50.078278,11.901306
"45","S45","P0153",0.01468839,0.672046181,"W1","GRASSLAND",6.415,NA,NA,50.087048,11.848669
"46","S46","P0106",0.023005184,0.84306941,"W1","CROP",6.452,NA,NA,50.120369,11.992307
"47","S47","P0203",0.017195507,0.723601525,"W1","FOREST",4.426,NA,NA,50.136556,11.846861
"48","S48","P0107",0.022057363,0.823578785,"W1","CROP",6.578,NA,NA,50.182029,11.740807
"49","S49","P0204",0.013618638,0.650048232,"W1","FOREST",3.983,NA,NA,50.055621,11.952927
"50","S50","P0178",0.01859449,0.752369648,"A","GRASSLAND",6.716,NA,NA,50.162801,11.956917
"51","S51","P0203D",0.019955516,0.780357254,"A","FOREST",4.302,NA,NA,50.136556,11.846861
"52","S52","P0227",0.018648033,0.753470686,"A","FOREST",4.528,NA,NA,50.115361,11.954567
"53","S53","P0103D",0.033131964,1.051312445,"A","CROP",6.196,NA,NA,50.09851,11.797039
"54","S54","P0104D",0.024502434,0.873858244,"A","CROP",6.95,NA,NA,50.105065,11.922489
"55","S55","P0205D",0.027653699,0.938659608,"A","FOREST",3.91,NA,NA,50.213667,11.754528
"56","S56","P0204D",0.016597892,0.711312409,"A","FOREST",4.29,NA,NA,50.055621,11.952927
"57","S57","P0155D",0.064768198,1.701867314,"A","GRASSLAND",6.865,NA,NA,50.129343,11.80835
"58","S58","P0154D",0.012984388,0.637005756,"A","GRASSLAND",6.556,NA,NA,50.223933,11.823274
"59","S59","P0156D",0.014869789,0.675776386,"A","GRASSLAND",6.206,NA,NA,50.073714,11.95415
"60","S60","P0175",0.01103132,0.596843654,"A","GRASSLAND",6.303,NA,NA,50.159089,11.771286
"61","S61","P0176",0.014831059,0.674979968,"A","GRASSLAND",5.593,NA,NA,50.211835,11.925449
"62","S62","P0126",0.019744767,0.776023491,"A","CROP",6.761,NA,NA,50.095829,11.785556
"63","S63","P0125",0.037842351,1.148174968,"A","CROP",6.423,NA,NA,50.167021,11.744389
"64","S64","P0225",0.009821872,0.571973048,"A","FOREST",3.949,NA,NA,50.161687,12.003249
"65","S65","P0226",0.024762446,0.879205032,"A","FOREST",3.949,NA,NA,50.104584,11.800759
"66","S66","P0128",0.023539569,0.854058271,"A","CROP",6.706,NA,NA,50.102139,11.781194
"67","S67","P0229",0.021688453,0.815992678,"A","FOREST",4.237,NA,NA,50.220224,11.796049
"68","S68","P0127",0.020423129,0.789973053,"A","CROP",6.656,NA,NA,50.073499,11.965956
"69","S69","P0129",0.026797492,0.921052907,"A","CROP",6.882,NA,NA,50.127265,11.745897
"70","S70","P0177",0.026670358,0.918438575,"A","GRASSLAND",5.664,NA,NA,50.162344,11.757312
"71","S71","P0231",0.023210738,0.847296326,"W2","FOREST",4.304,NA,NA,50.081793,11.871301
"72","S72","P0116",0.051995802,1.439220877,"S","CROP",6.584,NA,NA,50.082306,11.956222
"73","S73","P0112",0.024056972,0.864697949,"SP","CROP",5.883,NA,NA,50.132085,11.949778
"74","S74","P0215",0.010799305,0.592072584,"S","FOREST",4.248,NA,NA,50.056944,11.970444
"75","S75","P0169",0.0193547,0.768002317,"S","GRASSLAND",6.604,NA,NA,50.131098,11.7608123
"76","S76","P0168",0.032982962,1.048248444,"S","GRASSLAND",5.46,NA,NA,50.096678,11.786125
"77","S77","P0217",0.019753029,0.77619338,"S","FOREST",4.204,NA,NA,50.227851,11.837425
"78","S78","P0166",0.01996287,0.780508478,"S","GRASSLAND",6.02,NA,NA,50.109144,11.916904
"79","S79","P0117",0.014446851,0.667079274,"S","CROP",6.372,NA,NA,50.122634,11.928277
"80","S80","P0219",0.012089558,0.618604842,"S","FOREST",4.468,NA,NA,50.075667,11.901972
"81","S81","P0171",0.016441634,0.708099186,"S","GRASSLAND",6.702,NA,NA,50.112528,11.924667
"82","S82","P0121",0.032011694,1.028275681,"S","CROP",5.75,NA,NA,50.205511,11.923106
"83","S83","P0105D",0.028268931,0.951310998,"A","CROP",5.694,NA,NA,50.176334,11.840065
"84","S84","P0179",0.015548138,0.689725683,"W2","GRASSLAND",6.105,NA,NA,50.187912,11.863925
"85","S85","P0120",0.024446962,0.87271754,"S","CROP",6.045,NA,NA,50.075151,11.935701
"86","S86","P0220",0.010922742,0.594610898,"S","FOREST",3.958,NA,NA,50.169267,11.987817
"87","S87","P0162",0.012141132,0.619665385,"SP","GRASSLAND",5.852,NA,NA,50.174333,11.894972
"88","S88","P0103",0.031129376,1.010132034,"W1","CROP",5.924,NA,NA,50.09851,11.797039
"89","S89","P0228_1",NA,NA,"A","CROP",NA,NA,NA,50.204265,12.000143
"90","S90","P0207",NA,NA,"W1","CROP",NA,NA,NA,50.101618,11.906197
"91","S91","P0150",0.018204843,0.744357112,"W1","GRASSLAND",6.575,NA,NA,50.09995,11.844265
"92","S92","P0151",0.014668138,0.671629722,"W1","GRASSLAND",5.782,NA,NA,50.208507,11.839507
"93","S93","P0152",0.006013052,0.493650005,"W1","GRASSLAND",7.312,NA,NA,50.211893,11.887627
"94","S94","P0154",0.012454194,0.626103062,"W1","GRASSLAND",6.429,NA,NA,50.223933,11.823274
"95","S95","P0156",0.010836912,0.592845925,"W1","GRASSLAND",6.232,NA,NA,50.073714,11.95415
"96","S96","P0212",0.011879124,0.614277545,"SP","FOREST",4.022,NA,NA,50.096329,11.780772
"97","S97","P0154B",0.012579169,0.628672997,"SP","GRASSLAND",6.457,NA,NA,50.223933,11.823274
"98","S98","P0165",0.02842584,0.954537608,"S","GRASSLAND",5.921,NA,NA,50.211406,11.75197
"99","S99","P0218",0.023507516,0.853399157,"S","FOREST",3.826,NA,NA,50.188375,11.73578
"100","S100","P0203C",0.022823699,0.839337424,"S","FOREST",4.464,NA,NA,50.136556,11.846861
"101","S101","P0173",0.01891829,0.759028148,"A","GRASSLAND",5.274,NA,NA,50.184247,11.855347
"102","S102","P0228_2",0.01554552,0.689671851,"A","FOREST",3.647,NA,NA,50.204265,12.000143
"103","S103","P0104B",0.047446124,1.345663114,"SP","CROP",6.908,NA,NA,50.105065,11.922489
"104","S104","P0156B",0.04868361,1.371110291,"SP","GRASSLAND",6.438,NA,NA,50.073714,11.95415
"105","S105","P0103B",0.020096117,0.78324852,"SP","CROP",6.435,NA,NA,50.09851,11.797039
"106","S106","P0205B",0.003672687,0.445523671,"SP","FOREST",4.081,NA,NA,50.213667,11.754528
"107","S107","P0110",0.019908025,0.779380659,"SP","CROP",7.171,NA,NA,50.16101,11.768444
"108","S108","P0111",NA,NA,"SP","CROP",5.28,NA,NA,50.217783,11.964358
"109","S109","P0114",0.047573181,1.348275868,"SP","CROP",6.256,NA,NA,50.214121,11.773766
"110","S110","P0154C",NA,NA,"SP","GRASSLAND",6.49,NA,NA,50.223933,11.823274
"111","S111","P0157",0.050331353,1.404993802,"SP","GRASSLAND",6.31,NA,NA,50.093766,11.800191
"112","S112","P0158",0.062650362,1.658316977,"SP","GRASSLAND",5.722,NA,NA,50.208789,11.92656
"113","S113","P0159",0.089693251,2.214416142,"SP","GRASSLAND",6.505,NA,NA,50.220365,11.838654
"114","S114","P0160",0.042774257,1.249592717,"SP","GRASSLAND",6.654,NA,NA,50.074263,11.966563
"115","S115","P0161",0.088413462,2.188099066,"SP","GRASSLAND",6.573,NA,NA,50.119883,11.952959
"116","S116","P0203B",0.004001696,0.45228927,"SP","FOREST",4.348,NA,NA,50.136556,11.846861
"117","S117","P0209",0.005782369,0.488906322,"SP","FOREST",3.847,NA,NA,50.20175,11.951639
"118","S118","P0105B",0.020873456,0.799233396,"SP","CROP",5.703,NA,NA,50.176334,11.840065
"119","S119","P0204B",0.005037965,0.473598698,"SP","FOREST",3.791,NA,NA,50.055621,11.952927
"120","S120","P0213",0.00178205,0.40664537,"SP","FOREST",4.043,NA,NA,50.220131,11.812314
"121","C1.1",NA,NA,NA,NA,NA,NA,NA,NA,NA,NA
"122","C1.2",NA,NA,NA,NA,NA,NA,NA,NA,NA,NA
"123","C2.1",NA,NA,NA,NA,NA,NA,NA,NA,NA,NA
"124","C2.2",NA,NA,NA,NA,NA,NA,NA,NA,NA,NA
